{"current":{"favicon":"shopify:\/\/shop_images\/Fawicon_Img.png","logo_img_nav":true,"logo_max_width_nav":"161","effect":"effect_10","gotop_enable":true,"gotop":"Back to top","gotopmobile_enable":true,"loading_enable":true,"img_loading":"shopify:\/\/shop_images\/Shopify_Brand_Logo_6705daad-7b85-4380-abdd-b69d2220dc62.png","breadcrumb_bgcolor":"#ffffff","breadcrumb_textcolor":"#666666","breadcrumb_bgimage":false,"bg_breadcrumb":"","header_float_enable":false,"pay_page":"","display_header_top":false,"headertop_bgcolor":"#f5f5f5","text_headertop_color":"#444444","border_headertop_color":"#e5e5e5","welcome-msg":"Welcome to Omni Outlet, let's subscribe our newsletter to GET special promotion","hotline":"","display_currency":true,"display_acc":true,"display_wishlist":true,"text_wishlist":"My<br> <span> wishlist<\/span>","display_check":true,"headerct_bgcolor":"#ffffff","border_headerct_color":"#ffffff","text_headerct_color":"#222222","logo_text":"Logo","logo_img":true,"logo":"shopify:\/\/shop_images\/Shopify_Brand_Logo_75b26349-5612-4cf5-9518-7e41e82a61aa.png","logo_max_width":"149","logo_mobile":"shopify:\/\/shop_images\/Logo_Mobile.jpg","headerbt_bgcolor":"#0b79bf","text_headerbt_color":"#ffffff","display_submenu":false,"submenu_text":"Hot categories:","link_submenu":"main-menu","banner_text":"banner","banner_img":true,"banner":"shopify:\/\/shop_images\/bn-header.jpg","banner_max_width":"250","enable_rtl":false,"home_page_layout":"home-page_layout-1","wrapper_page_type":"wrapper-full","bg_body_img":"none","bg_body_color":"#ffffff","bg_body_position_x":"left","bg_body_position_y":"top","bg_body_repeat":"repeat","bg_body_attachment":"scroll","font_body":"google_fonts","fonts_body":"Roboto","body_fontsize":15,"font_heading":"google_fonts","fonts_heading":"Roboto","heading_fontsize":16,"font_custom":"google_fonts","fonts_custom":"Roboto","custom_fontsize":16,"color_base":"#ff9000","color_body_text":"#444444","color_link":"#222222","body_text_hover":"#ff9000","color_border":"#ebebeb","color_prtitle":"#222222","color_prtitlehover":"#ff9000","color_sale_bg":"#ff9000","color_new_bg":"#56cfe1","color_hot_bg":"#ec0101","color_sold_out_bg":"#999","color_price":"#e01222","color_oldprice":"#aaaaaa","color_btntext":"#ffffff","color_btntext_hover":"#fff","color_btnbg":"#444444","color_btnbg_hover":"#ff9000","color_btntext2":"#222222","color_btntext_hover2":"#ffffff","color_btnbg2":"#fff","color_btnbg_hover2":"#ff9000","color_btnline":"#222222","color_btnline_hover":"#ff9000","color_startbase":"#ffb800","enable_collection_sidebar":false,"enable_blogs_sidebar":false,"sidebar_position":"left","enable_category_sidebar":false,"enable_product_sidebar":false,"sidebar_categories_title":"Categories","categories_menu":"sidebar-menu","enable_featured_collection":false,"enable_featured_product_detail":false,"enable_featured_product_blogs":false,"featured_product_title":"Featured Products","featured_product_list_collection":"fashion-accessories","featured_product_limit":"3","enable_sidebar_collection":false,"enable_sidebar_custom_detail":false,"enable_sidebar_custom_blog":false,"custom_html_title":"Custom Services","custom_html_text":"<div class=\"services-sidebar\">\n\t<ul>\n\t\t<li>\n\t\t\t<div class=\"service-content\">\n\t\t\t\t<div class=\"service-icon\" style=\"font-size: 30px;\">\n\t\t\t\t\t<em class=\"fa fa-truck\"><\/em>\n\t\t\t\t<\/div>\n\t\t\t\t\n\t\t\t\t<div class=\"service-info\">\n\t\t\t\t\t<h4><a href=\"#\" title=\"Free Delivery\">Free Delivery<\/a><\/h4>\n\t\t\t\t\t<p>From $59.89<\/p>\n\t\t\t\t<\/div>\n\t\t\t<\/div>\n\t\t<\/li>\n\t\t\n\t\t<li>\n\t\t\t<div class=\"service-content\">\n\t\t\t\t<div class=\"service-icon\" style=\"font-size: 30px;\">\n\t\t\t\t\t<em class=\"fa fa-support\"><\/em>\n\t\t\t\t<\/div>\n\t\t\t\t\n\t\t\t\t<div class=\"service-info\">\n\t\t\t\t\t<h4><a href=\"#\" title=\"Support 24\/7\">Support 24\/7<\/a><\/h4>\n\t\t\t\t\t<p>Online 24 hours<\/p>\n\t\t\t\t<\/div>\n\t\t\t<\/div>\n\t\t<\/li>\n\t\t\n\t\t<li>\n\t\t\t<div class=\"service-content\">\n\t\t\t\t<div class=\"service-icon\" style=\"font-size: 30px;\">\n\t\t\t\t\t<em class=\"fa fa-refresh\"><\/em>\n\t\t\t\t<\/div>\n\t\t\t\t\n\t\t\t\t<div class=\"service-info\">\n\t\t\t\t\t<h4><a href=\"#\" title=\"Free return\">Free return<\/a><\/h4>\n\t\t\t\t\t<p>365 a day<\/p>\n\t\t\t\t<\/div>\n\t\t\t<\/div>\n\t\t<\/li>\n\t\t\n\t\t<li>\n\t\t\t<div class=\"service-content\">\n\t\t\t\t<div class=\"service-icon\" style=\"font-size: 25px; position: relative; top: 4px;\">\n\t\t\t\t\t<em class=\"fa fa-cc-paypal\"><\/em>\n\t\t\t\t<\/div>\n\t\t\t\t\n\t\t\t\t<div class=\"service-info\">\n\t\t\t\t\t<h4><a href=\"#\" title=\"payment method\">payment method<\/a><\/h4>\n\t\t\t\t\t<p>Secure payment<\/p>\n\t\t\t\t<\/div>\n\t\t\t<\/div>\n\t\t<\/li>\n\t<\/ul>\n<\/div>","enable_banner_sidebar":false,"enable_banner_sidebar_detail":false,"enable_banner_sidebar_blog":false,"image_sidebar":"shopify:\/\/shop_images\/banner-sidebar.jpg","image_sidebar_link":"","enable_categories_blog":false,"blog_menu":"sidebar-blog","enable_recent_blog":false,"enable_instagram_blog":false,"instagram_title":"INSTAGRAM GALLERY","userid":"2339519673","accessToken":"2339519673.1677ed0.70eb7d1a78bc4f7aae5a4da972dfe00c","limited":"9","resolution":"thumbnail","show-title":true,"limit_title":"100","show-vendor":false,"show-review":true,"show-price":true,"show-deals":true,"show-gallery":true,"gallery_tyle":"gallery-right","limit_gallery":"4","product_layout":"1col_fw","pp_grid":"3","display_language":true,"title_language":"Language:","default_language":"English","linklist_language":"language","show_multiple_currencies":true,"currency_format":"money_format","supported_currencies":"USD EUR GBP","default_currency":"USD","fixed_social":false,"position":"left","position_top":"100","social_twitter_link":"https:\/\/twitter.com\/smartaddons","social_facebook_link":"https:\/\/www.facebook.com\/SmartAddons.page","social_google_link":"https:\/\/plus.google.com\/+Smartaddons\/posts","social_pinterest_link":"https:\/\/www.pinterest.com\/smartaddons\/","social_instagram_link":"https:\/\/www.linkedin.com\/in\/smartaddons","social_tumblr_link":"http:\/\/shopify.tumblr.com","social_snapchat_link":"https:\/\/www.snapchat.com\/add\/shopify","social_youtube_link":"https:\/\/www.youtube.com\/user\/smartaddons","social_vimeo_link":"https:\/\/vimeo.com\/shopify","ssnp_width":850,"ssnp_status":false,"ssnp_expired":1,"ssnp_title":"newsletter","ssnp_description":"Subscribe to the mailing list to receive updates on new\narrivals, special offers","ssnp_checkbox_title":"Don't show this popup again","ssnp_show_checkbox":true,"newsletter":"shopify:\/\/shop_images\/bg_newletter.jpg","newslettermodal_mailchimp":true,"newslettermodal_cookie":"60","newsletter_formmodal_action":"\/\/magentech.us16.list-manage.com\/subscribe\/post?u=74b0f77582219cf039a743aa5&amp;id=e872bd5efa","ssnp_show_facebook":true,"ssnp_link_facebook":"https:\/\/www.facebook.com\/SmartAddons.page","ssnp_show_twitter":true,"ssnp_link_twitter":"https:\/\/twitter.com\/smartaddons","ssnp_show_googleplus":true,"ssnp_link_googleplus":"https:\/\/plus.google.com\/+Smartaddons\/posts","ssnp_show_pinterest":true,"ssnp_link_pinterest":"#","ssnp_show_linkedin":true,"ssnp_link_linkedin":"#","ssnp_show_instagram":true,"ssnp_show_tumblr":true,"ssnp_link_tumblr":"#","checkout_header_image":"","checkout_logo_image":"","checkout_logo_position":"left","checkout_logo_size":"medium","checkout_body_background_image":"","checkout_body_background_color":"#fff","checkout_input_background_color_mode":"white","checkout_sidebar_background_image":"","checkout_sidebar_background_color":"#fafafa","checkout_heading_font":"Helvetica Neue","checkout_body_font":"Helvetica Neue","checkout_accent_color":"#1990c6","checkout_button_color":"#1990c6","checkout_error_color":"#ff6d6d","enable_sidebar_categories_detail":true,"display_oder":"true","text_oder":"track your order","link_order":"main-menu","display_hotline":"true","text_hotline":"Hotline (+123)4 567 890","text_msg":"Welcome to our online store!","header_mobile_float":"true","display_laguage":true,"on_rtl":"rtl","display_popup_newsletter":true,"popup_newsletter_title":"aaaaaaaaa","popup_newsletter_sub_title":"aaaaaaaaaaaaaa","popup_newsletter_message":"aaaaaaaaaa","mailing_list_form_action":"ádasdasd","display_popup_social":true,"ssnp_show_bgimage":true,"ssnp_bgimage":"","psp_width_zoom":"900x","product_zoom":false,"product_video":true,"product_video_icon":"","logo_text_nav":"Logo","logo_nav":"","second_image":false,"show-color-swatch":true,"menu":"sidebar-blogs","blog_category":"","pt_position":"bottom","pt_item":"5","psp_width":"95x","product_vendor":false,"product_available":false,"product_review":false,"product_shortdes":false,"swatch_color":false,"size_guide":true,"color_startactive":"#ffffff","pt_carousel":"false","banner-sidebar-1":"","banner_sidebar_link_1":"","display_sidebar_categories_detail":true,"show_featured_collection":true,"show_featured_product_detail":true,"show_featured_product_blogs":true,"display_banner_sidebar":true,"display_banner_sidebar_detail":true,"display_banner_sidebar_blog":true,"banner-sidebar":"","banner_sidebar_link":"#","display_sidebar_custom":true,"display_sidebar_custom_detail":true,"display_sidebar_custom_blog":true,"custom_cms_title":"Custom CMS Block","custom_cms_text":"<div class=\"services-sidebar\">\n\t<ul>\n\t\t<li>\n\t\t\t<div class=\"service-content\">\n\t\t\t\t<div class=\"service-icon\" style=\"font-size: 30px;\">\n\t\t\t\t\t<em class=\"fa fa-truck\"><span class=\"hidden\">Icon<\/span><\/em>\n\t\t\t\t<\/div>\n\t\t\t\t\n\t\t\t\t<div class=\"service-info\">\n\t\t\t\t\t<h4><a href=\"#\" title=\"Free Delivery\">Free Delivery<\/a><\/h4>\n\t\t\t\t\t<p>From $59.89<\/p>\n\t\t\t\t<\/div>\n\t\t\t<\/div>\n\t\t<\/li>\n\t\t\n\t\t<li>\n\t\t\t<div class=\"service-content\">\n\t\t\t\t<div class=\"service-icon\" style=\"font-size: 30px;\">\n\t\t\t\t\t<em class=\"fa fa-support\"><span class=\"hidden\">Icon<\/span><\/em>\n\t\t\t\t<\/div>\n\t\t\t\t\n\t\t\t\t<div class=\"service-info\">\n\t\t\t\t\t<h4><a href=\"#\" title=\"Support 24\/7\">Support 24\/7<\/a><\/h4>\n\t\t\t\t\t<p>Online 24 hours<\/p>\n\t\t\t\t<\/div>\n\t\t\t<\/div>\n\t\t<\/li>\n\t\t\n\t\t<li>\n\t\t\t<div class=\"service-content\">\n\t\t\t\t<div class=\"service-icon\" style=\"font-size: 30px;\">\n\t\t\t\t\t<em class=\"fa fa-refresh\"><span class=\"hidden\">Icon<\/span><\/em>\n\t\t\t\t<\/div>\n\t\t\t\t\n\t\t\t\t<div class=\"service-info\">\n\t\t\t\t\t<h4><a href=\"#\" title=\"Free return\">Free return<\/a><\/h4>\n\t\t\t\t\t<p>365 a day<\/p>\n\t\t\t\t<\/div>\n\t\t\t<\/div>\n\t\t<\/li>\n\t\t\n\t\t<li>\n\t\t\t<div class=\"service-content\">\n\t\t\t\t<div class=\"service-icon\" style=\"font-size: 25px; position: relative; top: 4px;\">\n\t\t\t\t\t<em class=\"fa fa-cc-paypal\"><span class=\"hidden\">Icon<\/span><\/em>\n\t\t\t\t<\/div>\n\t\t\t\t\n\t\t\t\t<div class=\"service-info\">\n\t\t\t\t\t<h4><a href=\"#\" title=\"payment method\">payment method<\/a><\/h4>\n\t\t\t\t\t<p>Secure payment<\/p>\n\t\t\t\t<\/div>\n\t\t\t<\/div>\n\t\t<\/li>\n\t<\/ul>\n<\/div>","color_prlinks":"#333333","color_prlinkshover":"#1fc0a0","color_body_text_hover":"#ff3c20","share_facebook":true,"share_twitter":true,"share_pinterest":true,"image_ico":"","title":"100 S Manhattan St, Amarillo,","title2":"TX 79104, North America","image_ico2":"","title3":"Sales@MagenTech.Com","title4":"( +123 ) 456 7890","image_ico4":"","title5":"Free Delivery","title6":"On order over $89.00","show-deals ":"true","header_design":"header-style1","text_hot":"(801) 2345 - 6789","display_hot":"true","top":"Summer sale discount off 50%! <a href=\"#\">Shop Now<\/a>","display_call":true,"text_call":"Call us now","text_info_call":"Toll free: 123 456 7890","hover-image":"change","label_headertop_color":"#777777","display_label":"true","display_call_free":"true","text_call_free":"Call Us: (+800) 1234 5678","vermenu_bgcolor":"#ffffff","vermenu_titlecolor":"#ffffff","vermenu_linkcolor":"#444444","vermenu_linkcolor_hover":"#ffffff","vermenu_linkbgcolor_hover":"#f4a137","vermenu_dropdown_bgcolor":"#ffffff","vermenu_dropdown_linkcolor":"#333333","vermenu_dropdown_linkcolor_hover":"#f4a137","display_call_fee":true,"text_call_fee":"Call us toll free: (123) 456-7890","newsletterP_title":"Newsletter","newsletterP_subtitle":"Subscribe to the Simolux mailing list to receive updates on new<br>arrivals, special offers and other discount information.","newsletterP_delay":"5000","newsletterP_dontshow":"Don't show this popup again","color_image_overlay_text":"#fff","color_image_overlay":"#3d4246","image_overlay_opacity":"0.25","collection_results_per_row":"4","collection_results_per_page":"12","enable_image_category":"true","show_collection_description":"true","enable_scroll_sidebar":"true","listing_page_design":"left-sidebar","sidebar_opened_tabs":"","sidebar_shopby":"true","sidebar_shopby_title":"Shopby","sidebar_categories":"true","shop_by_tags_2":"true","shop_by_tags_2_title":"22","shop_by_tags_2_list_tags":"222","fit_color_label":"Black, Orange, Blue, Silver","fit_by_color":"true","fit_by_color_title":"Color","fit_color_1_label":"Black","fit_color_2_label":"Silver","fit_color_3_label":"","fit_color_4_label":"","fit_color_5_label":"","fit_color_6_label":"","fit_color_7_label":"","fit_color_8_label":"","fit_color_9_label":"","fit_color_10_label":"","fit_color_11_label":"","fit_color_12_label":"","enable_shop_by_tags_3":"true","shop_by_tags_3_title":"","shop_by_tags_3_list_tags":"","enable_shop_by_tags_4":"true","shop_by_tags_4_title":"aaa","shop_by_tags_4_list_tags":"Lime,Glass","link_msg":"shopify:\/\/pages\/page-get-fre","display_cate":"true","title_cate":"Categories","show_categories":"show_all","categories_items":"Electronics, Home page","sidebar_mini_listing":"true","sidebar_mini_listing_title":"Best Sellers","sidebar_mini_listing_collection":"electronics","sidebar_mini_listing_limit":"4","header_layout":"header_layout_2","bingo_newslettermodal_enable":true,"bingo_newslettermodal_type":"one","bingo_newslettermodal_cookie":"60","bingo_newslettermodal_titile":"NEWSLETTER","bingo_newslettermodal_description":"Subscribe to the Market mailing list to receive updates on new arrivals, special offers and other discount information.","bingo_newslettermodal_chk":"Don't show this popup again","bingo_newslettermodal_bgimage":false,"bingo_newslettermodal_mailchimp":true,"enable_sidebar":true,"image":"shopify:\/\/shop_images\/banner-sidebar.jpg","color_text":"#3d4246","color_borders":"#e8e9eb","color_button":"#7796a8","color_sale_text":"#7796a8","color_button_text":"#fff","color_small_button":"#fff","color_small_button_text":"#3d4246","color_text_field":"#fff","color_text_field_text":"#000","color_body_bg":"#fff","type_header_family":"Google_Work+Sans_600_sans","type_header_base_size":"26px","type_base_family":"Google_Work+Sans_400_sans","type_base_size":"16px","type_bold_product_titles":false,"use_color_swatch":true,"sections":{"header":{"type":"header","settings":{}},"footer":{"type":"footer","settings":{"bg_footer":"#2f4e6d","footer_center_enable":true,"footer_co1_enable":true,"footer_title_1":"Customer service","footer_linklist_1":"footer","footer_co2_enable":true,"footer_title_2":"Let Us Help You","footer_linklist_2":"footer-center-column-2","footer_co3_enable":true,"footer_title_3":"Company information","footer_linklist_3":"footer-center-column-3","footer_co4_enable":false,"footer_tl_4":"GUIDE & HELP","footer_linklist_4":"","footer_co5_enable":true,"footer_newleter_enable":true,"newletter_title":"SIGN UP FOR OUR NEWSLETTER","subtitle":"Enter your email address for our mailing list top keep your self update","our_apps_enable":false,"our_apps_title":"DOWNLOAD OUR APPS","link_apps1":"#","link_apps2":"#","footer_bottom_menu_enable":false,"footer_linklist_6":"","show_bottom":false,"bg_footerbottom":"#ffffff","footer_about":"AaShop © 2018 Demo Store. Designed by <a href=\"http:\/\/www.revotheme.com\/\" target=\"_blank\">Revotheme.com.<\/a> All Rights Reserved","footer_show_pay":false,"link_pay":"\/"}},"collection-template":{"type":"collection-template","settings":{"pagination_style":"EndlessScroll","grid":"5","rows":"8","results_per_page":"24"}},"product-template":{"type":"product-template","settings":{"display_product_reviews":true,"show_vendor":true,"show_product_type":true,"show_desc":"no-show","show_product_countdown":true,"use_color_swatch":true,"show_price_subtotal":false,"show_quantity_selector":true,"show_share_buttons":true,"show_category":false,"show_tag":false,"show_brand":false,"pt_position":"bottom","pt_item":"4","enable_sevicer":true,"sv_title":"30 days<br>money back","sv_icon":"usd","sv_title_2":"free shipping<br>on all orders above $100","sv_icon_2":"truck","sv_title_3":"lowest price <br> guarantee","sv_icon_3":"calendar","sv_title_4":"safe shopping <br> guarantee","sv_icon_4":"umbrella","product_tab_type":"protab_hozizoltal","product_tab1_enable":true,"product_tab1_title":"Details","product_tab2_enable":true,"product_tab2_title":"Shipping &amp; Returns","product_tab2_content":"<div class=\"success rte\">\n<p>Your order of 100$ or more gets free standard delivery.<\/p>\n<ul class=\"ncss-list-ul mt4-sm mb4-sm\">\n<li class=\"ncss-li\">Standard delivered 4-5 Business Days<\/li>\n<li class=\"ncss-li\">Express delivered 2-4 Business Days<\/li>\n<\/ul>\n<br><p>Orders are processed and delivered Monday-Friday (excluding public holidays)<\/p>\n<br><p>eMarket members enjoy <a class=\"u-underline\" href=\"#\">free returns<\/a>.<\/p>\n<\/div>","product_tab3_enable":false,"product_tab3_title":"Size Chart","product_tab4_enable":true,"product_tab4_title":"Reviews","product_related_enable":true,"product_related_title":"Related Products","related_products_type":"collection","product_related_limit":"6","navigation":true,"margin-rl":"20","column1":"3","column2":"3","column3":"3","column4":"2","column5":"2"}},"list-collections-template":{"type":"list-collections-template","settings":{"display_type":"all","sort":"products_low","grid":"4"}},"blog-template":{"type":"blog-template","settings":{"layout":"grid","limit_blog":"9","grid_per":"2","blog_show_author":false,"blog_show_date":true,"blog_show_readmore":true}},"article-template":{"type":"article-template","settings":{"blog_show_author":true,"blog_show_date":true,"show_share_buttons":true,"font_size_title":18,"text_blog":"#444444","text_des_blog":"#666666"}},"template-contact":{"type":"template-contact","settings":{"display_google_map":true,"google_map_code":"<iframe src=\"https:\/\/www.google.com\/maps\/embed?pb=!1m18!1m12!1m3!1d6787.11846816203!2d-74.00106388051138!3d40.73303806053912!2m3!1f0!2f0!3f0!3m2!1i1024!2i768!4f13.1!3m3!1m2!1s0x89c24fa5d33f083b%3A0xc80b8f06e177fe62!2zVGjDoG5oIHBo4buRIE5ldyBZb3JrLCBUaeG7g3UgYmFuZyBOZXcgWW9yaw!5e0!3m2!1svi!2s!4v1498454043100\"><\/iframe>","title_info":"CONTACT US","contact_text_desc":"Lorem ipsum dolor sit amet conse ctetur adipisicing elit, sed do eiusmod tempor incididunt ut labore et dolore magna aliqua. Ut enim ad minim veniam<br> Quis nostrud exercitation ullamco laboris nisi ut aliquip ex ea commodo consequat sed do eiusmod tempor","title_1":"Location:","des_1":"New York, USA","icon_1":"map-marker","title_2":"Email:","des_2":"support@omnioutletstore.com","icon_2":"envelope","title_form":"SEND YOUR COMMENTS"}},"template-about":{"type":"template-about","blocks":{"1512635249137":{"type":"faq","settings":{"cl_name_1":"Jennifer lawrence","cl_job_1":"Tech Leader","cl_des_1":"","social_facebook_link":"#","social_twitter_link":"#","social_google_link":"#","social_dribbble_link":"#","social_linkedin_link":"#"}},"1512639232534":{"type":"faq","settings":{"cl_name_1":"George Scoots","cl_job_1":"Ceo & Director","cl_des_1":"","social_facebook_link":"#","social_twitter_link":"#","social_google_link":"#","social_dribbble_link":"#","social_linkedin_link":"#"}},"1512639272630":{"type":"faq","settings":{"cl_name_1":"George Scoots","cl_job_1":"Ceo & Director","cl_des_1":"","social_facebook_link":"#","social_twitter_link":"#","social_google_link":"#","social_dribbble_link":"#","social_linkedin_link":"#"}},"1512639296273":{"type":"faq","settings":{"cl_name_1":"Jennifer lawrence","cl_job_1":"Tech Leader","cl_des_1":"","social_facebook_link":"#","social_twitter_link":"#","social_google_link":"#","social_dribbble_link":"#","social_linkedin_link":"#"}}},"block_order":["1512635249137","1512639232534","1512639272630","1512639296273"],"settings":{"about_title":"Omni Outlet: A Paris Based Fashion Brand","about_image":"shopify:\/\/shop_images\/Logo_About_Us_9ff1d74e-37d6-4b2a-86fc-ee7aa6efa770.png","about_text_desc":"<p>Omni Outlet is a Paris-based fashion brand, established in 2018, committed to bringing the latest trends to your doorstep. Our dedication to quality and style ensures that each piece we offer meets the highest standards. With a seamless shopping experience and prompt delivery, we strive to make fashion excellence accessible to everyone. Shop with confidence and elevate your wardrobe with our carefully curated collections.<\/p>\n<br>\n<p>\nOur team of fashion enthusiasts works tirelessly to curate the best in contemporary fashion. From timeless classics to the latest trends, Omni Outlet provides a diverse range of styles to suit every taste. We believe that great fashion should be accessible to all, and our mission is to make you look and feel your best every day.\n<\/p>","about_link":"#","show_service":true,"icon1":"Strategy & Marketing","des1":"We employ innovative strategies to maximize brand visibility and drive customer engagement. Our tailored marketing efforts ensure a strong and lasting connection with our audience.","icon2":"interaction design","des2":"We create intuitive and engaging user experiences for seamless shopping. Our designs prioritize user satisfaction, making every interaction delightful and effortless.","icon3":"WEb Development","des3":"We build robust and responsive e-commerce platforms for an optimal online presence. Our development ensures a smooth, secure, and enjoyable shopping experience for all users.","show_team":false,"member_title":"","our_text_desc":"","show_policy":true,"title1":"Free shipping","description1":"Free shipping on oder over $100","title2":"secure payment","description2":"We value your security","title3":"Online support","description3":"We have support 24\/7","title4":"payment on delivery","description4":"Cash on delivery option"}},"ss-mainmenu":{"type":"ss-mainmenu","settings":{"main_linklist":"main-menu","enable_new":true,"megamenu_items_new":"Features","enable_hot":true,"megamenu_items_hot":"Pages"}},"cart-template":{"type":"cart-template","settings":{"cart_notes_enable":true}},"ss-tools":{"type":"ss-tools","settings":{"status":false,"position":"right","position_top":"100","show_category":false,"show_cart":true,"show_account":true,"show_search":true,"show_recent_product":true,"limit_product":"6","show_backtop":true}},"ss-facebook-message":{"type":"ss-facebook-message","settings":{"status":true,"position":"right-bottom","width":320,"height":250,"button_style":"default","widget_text":"Chat with Us","page_url":"","tabs":"messages","small_header":true,"hide_cover":false,"show_facepile":true}},"ss-vertical-menu":{"type":"ss-vertical-menu","blocks":{"1509959804345":{"type":"text","settings":{"title":"Beauty Products","menu_url":"shopify:\/\/collections\/health-beauty","enable_menu_icon":false,"font_icon":"sun-o","dropdown_type":"none","megamenu_width_col":"600px","menu_show":false,"item_linklist":"","menu_col_column":6,"menu_item_col":12,"banner_enable":true,"banner_col_column":6,"banner_link":"#","product_show":false,"product_title":"","product_sellect":"beauty-health","product_limit":"","product_col_column":12,"product_item_col":12,"mega_page_enable":false,"page_col_column":12,"mega_page":""}},"1509959843931":{"type":"text","settings":{"title":"Men's Clothing","menu_url":"shopify:\/\/collections\/fashion-for-men","enable_menu_icon":false,"font_icon":"sun-o","dropdown_type":"none","megamenu_width_col":"650px","menu_show":false,"item_linklist":"","menu_col_column":12,"menu_item_col":4,"banner_enable":false,"banner_col_column":6,"banner_link":"","product_show":false,"product_title":"","product_sellect":"","product_limit":"","product_col_column":12,"product_item_col":12,"mega_page_enable":false,"page_col_column":12,"mega_page":""}},"text_zTxDWn":{"type":"text","settings":{"title":"Women's Clorhing","menu_url":"shopify:\/\/collections\/fashion-for-women","enable_menu_icon":false,"font_icon":"sun-o","dropdown_type":"none","megamenu_width_col":"900px","menu_show":false,"item_linklist":"","menu_col_column":12,"menu_item_col":12,"banner_enable":false,"banner_col_column":6,"banner_link":"","product_show":false,"product_title":"","product_sellect":"","product_limit":"","product_col_column":12,"product_item_col":12,"mega_page_enable":false,"page_col_column":12,"mega_page":""}},"1509959767921":{"type":"text","settings":{"title":"Fashion Accessories","menu_url":"shopify:\/\/collections\/phone-accessories","enable_menu_icon":false,"font_icon":"sun-o","dropdown_type":"none","megamenu_width_col":"700px","menu_show":false,"item_linklist":"","menu_col_column":12,"menu_item_col":4,"banner_enable":false,"banner_col_column":6,"banner_link":"","product_show":false,"product_title":"","product_sellect":"","product_limit":"","product_col_column":12,"product_item_col":12,"mega_page_enable":false,"page_col_column":12,"mega_page":""}},"1509959728138":{"type":"text","settings":{"title":"Footwear","menu_url":"shopify:\/\/collections\/electronics-computers","enable_menu_icon":false,"font_icon":"sun-o","dropdown_type":"none","megamenu_width_col":"200px","menu_show":true,"item_linklist":"","menu_col_column":12,"menu_item_col":12,"banner_enable":false,"banner_col_column":6,"banner_link":"","product_show":false,"product_title":"","product_sellect":"","product_limit":"","product_col_column":12,"product_item_col":12,"mega_page_enable":false,"page_col_column":12,"mega_page":""}},"text_gCGU6i":{"type":"text","settings":{"title":"Bags","menu_url":"shopify:\/\/collections\/pet-supplies","enable_menu_icon":false,"font_icon":"sun-o","dropdown_type":"none","megamenu_width_col":"900px","menu_show":false,"item_linklist":"","menu_col_column":12,"menu_item_col":12,"banner_enable":false,"banner_col_column":6,"banner_link":"","product_show":false,"product_title":"","product_sellect":"","product_limit":"","product_col_column":12,"product_item_col":12,"mega_page_enable":false,"page_col_column":12,"mega_page":""}},"1534845668693":{"type":"text","settings":{"title":"Underwear & Lingerie","menu_url":"shopify:\/\/collections\/bags-shoes","enable_menu_icon":false,"font_icon":"sun-o","dropdown_type":"none","megamenu_width_col":"900px","menu_show":false,"item_linklist":"","menu_col_column":12,"menu_item_col":12,"banner_enable":false,"banner_col_column":6,"banner_link":"","product_show":false,"product_title":"","product_sellect":"","product_limit":"","product_col_column":12,"product_item_col":12,"mega_page_enable":false,"page_col_column":12,"mega_page":""}},"text_QDjyA4":{"type":"text","settings":{"title":"Jewelry","menu_url":"shopify:\/\/collections\/jewelry-watches","enable_menu_icon":false,"font_icon":"sun-o","dropdown_type":"none","megamenu_width_col":"900px","menu_show":false,"item_linklist":"","menu_col_column":12,"menu_item_col":12,"banner_enable":false,"banner_col_column":6,"banner_link":"","product_show":false,"product_title":"","product_sellect":"","product_limit":"","product_col_column":12,"product_item_col":12,"mega_page_enable":false,"page_col_column":12,"mega_page":""}},"1534845731697":{"type":"text","settings":{"title":"Watches","menu_url":"shopify:\/\/collections","enable_menu_icon":false,"font_icon":"sun-o","dropdown_type":"none","megamenu_width_col":"900px","menu_show":false,"item_linklist":"","menu_col_column":12,"menu_item_col":12,"banner_enable":false,"banner_col_column":6,"banner_link":"","product_show":false,"product_title":"","product_sellect":"","product_limit":"","product_col_column":12,"product_item_col":12,"mega_page_enable":false,"page_col_column":12,"mega_page":""}},"1534845760313":{"type":"text","settings":{"title":"Gym & Sports","menu_url":"shopify:\/\/collections\/sports-outdoors","enable_menu_icon":false,"font_icon":"sun-o","dropdown_type":"none","megamenu_width_col":"900px","menu_show":false,"item_linklist":"","menu_col_column":12,"menu_item_col":12,"banner_enable":false,"banner_col_column":6,"banner_link":"","product_show":false,"product_title":"","product_sellect":"","product_limit":"","product_col_column":12,"product_item_col":12,"mega_page_enable":false,"page_col_column":12,"mega_page":""}},"text_8KqagK":{"type":"text","settings":{"title":"Kids & Babies","menu_url":"shopify:\/\/collections\/toys-kids-babies","enable_menu_icon":false,"font_icon":"sun-o","dropdown_type":"none","megamenu_width_col":"900px","menu_show":false,"item_linklist":"","menu_col_column":12,"menu_item_col":12,"banner_enable":false,"banner_col_column":6,"banner_link":"","product_show":false,"product_title":"","product_sellect":"","product_limit":"","product_col_column":12,"product_item_col":12,"mega_page_enable":false,"page_col_column":12,"mega_page":""}}},"block_order":["1509959804345","1509959843931","text_zTxDWn","1509959767921","1509959728138","text_gCGU6i","1534845668693","text_QDjyA4","1534845731697","1534845760313","text_8KqagK"],"settings":{"ver_title":"All Categories","ver_all":"More Categories","ver_url":"shopify:\/\/collections","ver_bg_color":"rgba(0,0,0,0)"}},"sidebar-filter-collection":{"type":"sidebar-filter-collection","blocks":{"1522833934637":{"type":"filter_tag","settings":{"enable":true,"title":"Price","list_tags":"0 - $99, $100 - $199, $200 - $299, $300 - $399, Above $400"}},"1522833926819":{"type":"filter_color","settings":{"enable":true,"title":"Color","color_text_1":"Red","color_text_2":"Blue","color_text_3":"Brown","color_text_4":"Orange","color_text_5":"Green","color_text_6":"Black","color_text_7":"Pink","color_text_8":"Sliver","color_text_9":"White","color_text_10":"Yellow","color_text_11":"Sliver","color_text_12":"Cyan","color_text_13":"Gold","color_text_14":"Grey","color_text_15":"","color_text_16":"","color_text_17":"","color_text_18":"","color_text_19":"","color_text_20":""}},"1522980753781":{"type":"filter_tag","settings":{"enable":true,"title":"Size","list_tags":"16, 18, 20, 22, 24, 26, ONE SIZE"}},"1522834136250":{"type":"filter_tag","settings":{"enable":false,"title":"Brand","list_tags":"Chanel, Dior, Lion, Gap, Lucci, Louis, Hermes, Cherry, Glass, Lime, Nice"}}},"block_order":["1522833934637","1522833926819","1522980753781","1522834136250"],"settings":{"enable_filter":true,"enable_filter-fixed":false}},"collection-infos":{"type":"collection-infos","settings":{"show_collection_image":false,"show_collection_title":true,"show_collection_des":false,"show_collection":false,"linklist_collections_name":"","column1":"5","column2":"4","column3":"4"}},"homepage-logolist":{"type":"homepage-logolist","blocks":{"1525851623622":{"type":"logo_image","settings":{"image":"","image_size":"140x73","link":"\/"}},"1525851657785":{"type":"logo_image","settings":{"image":"","image_size":"140x73","link":"\/"}},"1525851669031":{"type":"logo_image","settings":{"image":"","image_size":"140x73","link":"\/"}},"1525851777965":{"type":"logo_image","settings":{"image":"","image_size":"140x73","link":"\/"}},"1525852305813":{"type":"logo_image","settings":{"image":"","image_size":"140x73","link":"\/"}},"1525852316870":{"type":"logo_image","settings":{"image":"","image_size":"140x73","link":"\/"}},"1525852326589":{"type":"logo_image","settings":{"image":"","image_size":"170x100","link":"\/"}},"1525852567476":{"type":"logo_image","settings":{"image":"","image_size":"140x73","link":"\/"}},"1525852577385":{"type":"logo_image","settings":{"image":"","image_size":"140x73","link":"\/"}}},"block_order":["1525851623622","1525851657785","1525851669031","1525851777965","1525852305813","1525852316870","1525852326589","1525852567476","1525852577385"],"settings":{"title":"","column1":"8","column2":"6","column3":"5","column4":"4","column5":"3","owl_navigation":true,"owl_margin":"30","owl_autoplay":false,"owl_autoplay_speed":"10000","owl_speed":"300"}},"homepage-product-carousel":{"type":"homepage-product-carousel","settings":{"style":"style-grid","title1":"MOST VIEWED","collection":"summer-collection","collection_description":"","view_deal":"","link_all":"shopify:\/\/collections\/all","image_size":"270x270","column1":"1","column2":"1","column3":"1","column4":"1","column5":"1","row":"4","limit":"3","owl_navigation":true,"show_dot":true,"owl_margin":"30","owl_autoplay":true,"owl_autoplay_speed":"10000","owl_speed":"300","text_button":"View all"}},"template-hotdeals":{"type":"template-hotdeals","blocks":{"1534584054374":{"type":"product","settings":{"title":"","prt_collection":"beauty-health"}},"1534584058420":{"type":"product","settings":{"title":"","prt_collection":"christmas"}},"1534584061272":{"type":"product","settings":{"title":"","prt_collection":"competitions"}}},"block_order":["1534584054374","1534584058420","1534584061272"],"settings":{"display_image_cat":true,"limit_product":"12"}},"home-slider":{"type":"home-slider","blocks":{"1533097029829":{"type":"slider_list","settings":{"show_status":"yes","image":"","banner_link":"shopify:\/\/collections\/sports-outdoors","content_status":"yes","heading":"Best collection","text_title":"Essentials","text_content":"The Biggest Spring 2018 Fashion Trends","text_button":"Shop Now"}},"1533192513962":{"type":"slider_list","settings":{"show_status":"yes","image":"","banner_link":"shopify:\/\/collections\/apparel","content_status":"yes","heading":"Best collection","text_title":"Essentials","text_content":"The Biggest Spring 2018 Fashion Trends","text_button":"Shop Now"}},"1533192527768":{"type":"slider_list","settings":{"show_status":"yes","image":"","banner_link":"shopify:\/\/collections\/smartphones-tablets","content_status":"yes","heading":"Best collection","text_title":"Essentials","text_content":"The Biggest Spring 2018 Fashion Trends","text_button":"Shop Now"}}},"block_order":["1533097029829","1533192513962","1533192527768"],"settings":{"owl_navigation":true,"owl_dot":false,"owl_autoplay":false,"owl_loop":true,"owl_margin":"0","owl_autoplay_speed":"10000","owl_speed":"300"}},"siderbar-home":{"type":"siderbar-home","blocks":{"1533119144454":{"type":"banner","settings":{"enable_img":true,"image":"","link":""}},"1533119180723":{"type":"product","settings":{"bs_title":"SPECIALS","collection":"","bs_limit":"4"}},"1533119184816":{"type":"banner","settings":{"enable_img":true,"image":"","link":""}},"1533176830358":{"type":"product","settings":{"bs_title":"Best Sellers","collection":"","bs_limit":"4"}},"1533119206002":{"type":"Menu","settings":{"title_menu":"POPULAR TAGS","link":""}}},"block_order":["1533119144454","1533119180723","1533119184816","1533176830358","1533119206002"],"settings":{"enable_sidebar_detail":true,"show_sidebar":"left"}},"home-product-deals":{"type":"home-product-deals","settings":{"title1":"Hot Deals","list_collection":"electronics-computers","image_size":"270x","column1":"1","column2":"1","column3":"1","column4":"1","column5":"1","row":"1","limit":"5","owl_navigation":true,"owl_dot":true,"owl_margin":"30","owl_autoplay":true,"owl_autoplay_speed":"10000","owl_speed":"300"}},"home-quicklink":{"type":"home-quicklink","blocks":{"1533118341105":{"type":"quick_link","settings":{"title_quick":"Moto E","link_quick":"shopify:\/\/products\/bresaola-volupta"}},"1533118357812":{"type":"quick_link","settings":{"title_quick":"Mobile","link_quick":"shopify:\/\/products\/boudin-tenderloin"}},"1533118374698":{"type":"quick_link","settings":{"title_quick":"Tablet","link_quick":"shopify:\/\/products\/jalapeno-kielbasa"}},"1533118384157":{"type":"quick_link","settings":{"title_quick":"Fashion Accessories","link_quick":"shopify:\/\/products\/cignon-frankes"}},"1533118443735":{"type":"quick_link","settings":{"title_quick":"Laptops","link_quick":"shopify:\/\/products\/aoccaecat-pariatur"}},"1533118458115":{"type":"quick_link","settings":{"title_quick":"Pen Drivers","link_quick":"shopify:\/\/products\/bresaola-volupta"}},"1533118478996":{"type":"quick_link","settings":{"title_quick":"Toys","link_quick":"shopify:\/\/products\/ipsum-ribeye"}},"1533118487208":{"type":"quick_link","settings":{"title_quick":"Dress","link_quick":"shopify:\/\/products\/capicola-deserun"}}},"block_order":["1533118341105","1533118357812","1533118374698","1533118384157","1533118443735","1533118458115","1533118478996","1533118487208"],"settings":{"show_section":true,"title_quick":"Top Search:"}},"home-services":{"type":"home-services","blocks":{"1533179654185":{"type":"box","settings":{"sv_icon":"","show_image":true,"title":"Free Shipping","link":"#","description":"( From $99.00 )"}},"1533179659159":{"type":"box","settings":{"sv_icon":"","show_image":true,"title":"Money Guarantee","link":"#","description":"( 30 days back )"}},"1533179660435":{"type":"box","settings":{"sv_icon":"","show_image":true,"title":"Payment Method","link":"#","description":"( Secure System )"}},"1544542335072":{"type":"box","settings":{"sv_icon":"","show_image":true,"title":"Online Support","link":"#","description":"( 24 hours on day )"}}},"block_order":["1533179654185","1533179659159","1533179660435","1544542335072"],"settings":{"show_container":true,"style":"style-2","title":"false","column1":"1","column2":"1","column3":"1","column4":"1","column5":"1","row":"4","owl_margin":"0"}},"home-fullbanner":{"type":"home-fullbanner","blocks":{"1533181462793":{"type":"image","settings":{"link":"shopify:\/\/collections\/apple-mobile"}},"1544542742842":{"type":"image","settings":{"link":"\/"}},"1544543305110":{"type":"image","settings":{"link":"\/"}},"1544543314253":{"type":"image","settings":{"link":"\/"}}},"block_order":["1533181462793","1544542742842","1544543305110","1544543314253"],"settings":{"show_section":false,"show_container":false,"title":"","item-img":"1","size_image":"250x355"}},"home-collection":{"type":"home-collection","blocks":{"1533182966174":{"type":"featured_collection","settings":{"collection":"","collection_name":"Tablets","image":""}},"1533183018931":{"type":"featured_collection","settings":{"collection":"","collection_name":"Cameras","image":""}},"1533183047189":{"type":"featured_collection","settings":{"collection":"","collection_name":"Keyboard","image":""}},"1533183065827":{"type":"featured_collection","settings":{"collection":"","collection_name":"Laptops","image":""}},"1533183085748":{"type":"featured_collection","settings":{"collection":"","collection_name":"Smartphone","image":""}},"1533183103177":{"type":"featured_collection","settings":{"collection":"","collection_name":"Televisions","image":""}}},"block_order":["1533182966174","1533183018931","1533183047189","1533183065827","1533183085748","1533183103177"],"settings":{"titles":"ELECTRONICS","column1":"5","column2":"4","column3":"3","column4":"2","column5":"2","owl_margin":"0"}},"home-product-tabs":{"type":"home-product-tabs","blocks":{"1533183191806":{"type":"product","settings":{"title":"Best Sellers","prt_collection":""}},"1533183227454":{"type":"product","settings":{"title":"New Arrivals","prt_collection":""}},"1533183248526":{"type":"product","settings":{"title":"Top Rating","prt_collection":""}}},"block_order":["1533183191806","1533183227454","1533183248526"],"settings":{"fw":true,"title":"","image_size":"270x","column1":"3","column2":"3","column3":"3","column4":"2","column5":"2","row":"1","limit":"8","owl_navigation":false,"owl_margin":"30","owl_autoplay":false,"owl_autoplay_speed":"10000","owl_speed":"300"}},"1544518576765":{"type":"home-slider","blocks":{"slider_list_ec4Vmw":{"type":"slider_list","settings":{"show_status":"yes","image":"shopify:\/\/shop_images\/Design_1_2.png","banner_link":"","content_status":"no","heading":"It’s on you how you want to live your life. Everyone has a choice.","text_title":"Omni Outlet","text_content":"","text_button":"Shop Now"}},"slider_list_NKwmUX":{"type":"slider_list","settings":{"show_status":"yes","image":"shopify:\/\/shop_images\/Design_1_1.png","banner_link":"","content_status":"no","heading":"The Winter","text_title":"Essentials","text_content":"It’s on you how you want to live your life. Everyone has a choice.","text_button":"Shop Now"}},"slider_list_4bj8qy":{"type":"slider_list","settings":{"show_status":"yes","image":"shopify:\/\/shop_images\/Design_1_3.png","banner_link":"","content_status":"no","heading":"The Winter","text_title":"Essentials","text_content":"It’s on you how you want to live your life. Everyone has a choice.","text_button":"Shop Now"}},"slider_list_HLqDXj":{"type":"slider_list","settings":{"show_status":"yes","image":"shopify:\/\/shop_images\/Design_1.png","banner_link":"","content_status":"no","heading":"The Winter","text_title":"Essentials","text_content":"It’s on you how you want to live your life. Everyone has a choice.","text_button":"Shop Now"}}},"block_order":["slider_list_ec4Vmw","slider_list_NKwmUX","slider_list_4bj8qy","slider_list_HLqDXj"],"settings":{"owl_navigation":false,"owl_dot":true,"owl_autoplay":true,"owl_loop":true,"owl_margin":"0","owl_autoplay_speed":"100000","owl_speed":"400000"}},"home-bannerct":{"type":"home-bannerct","settings":{"image1":"shopify:\/\/shop_images\/banner_03.jpg","link1":"\/","image2":"shopify:\/\/shop_images\/banner_06.jpg","link2":"\/","image3":"shopify:\/\/shop_images\/banner_08.jpg","link23":"\/","image4":"shopify:\/\/shop_images\/banner_10.jpg","link4":"\/"}},"home-onebanner":{"type":"home-onebanner","settings":{"link1":"\/"}},"1544955602268":{"type":"homepage-product-carousel","custom_css":[],"settings":{"style":"style-grid","title1":"Beauty","collection":"health-beauty","collection_description":"","view_deal":"View All","link_all":"shopify:\/\/collections\/phone-accessories","image_size":"500x500","column1":"5","column2":"3","column3":"2","column4":"2","column5":"1","row":"1","limit":"8","owl_navigation":true,"show_dot":true,"owl_margin":"20","owl_autoplay":false,"owl_autoplay_speed":"10000","owl_speed":"300","text_button":"View all"}},"1544955674090":{"type":"homepage-product-carousel","custom_css":[],"settings":{"style":"style-grid","title1":"Bags & Watches","collection":"","collection_description":"","view_deal":"View All","link_all":"shopify:\/\/collections\/electronics-computers","image_size":"500x500","column1":"5","column2":"3","column3":"2","column4":"2","column5":"1","row":"1","limit":"8","owl_navigation":true,"show_dot":true,"owl_margin":"20","owl_autoplay":false,"owl_autoplay_speed":"10000","owl_speed":"300","text_button":"View all"}},"1544956138450":{"type":"homepage-product-carousel","custom_css":[],"settings":{"style":"style-grid","title1":"Underwear & Lingerie","collection":"","collection_description":"","view_deal":"View All","link_all":"shopify:\/\/collections\/health-beauty","image_size":"500x500","column1":"5","column2":"3","column3":"2","column4":"2","column5":"1","row":"1","limit":"8","owl_navigation":true,"show_dot":true,"owl_margin":"20","owl_autoplay":false,"owl_autoplay_speed":"10000","owl_speed":"300","text_button":"View all"}},"1544956200392":{"type":"homepage-product-carousel","custom_css":[".product-name {display: -webkit-box; -webkit-line-clamp: 2; -webkit-box-orient: vertical; overflow: hidden;}"],"settings":{"style":"style-grid","title1":"Sports & Outdoors","collection":"sports-outdoors","collection_description":"","view_deal":"View All","link_all":"shopify:\/\/collections\/sports-outdoors","image_size":"500x500","column1":"5","column2":"3","column3":"2","column4":"2","column5":"1","row":"1","limit":"8","owl_navigation":true,"show_dot":true,"owl_margin":"20","owl_autoplay":false,"owl_autoplay_speed":"10000","owl_speed":"300","text_button":"View all"}},"homepage_product_carousel_9YUYmU":{"type":"homepage-product-carousel","custom_css":[],"settings":{"style":"style-grid","title1":"Summer Collection","collection":"summer-collection","collection_description":"","view_deal":"View all","link_all":"shopify:\/\/collections\/summer-collection","image_size":"270x","column1":"5","column2":"4","column3":"3","column4":"2","column5":"1","row":"1","limit":"8","owl_navigation":true,"show_dot":true,"owl_margin":"30","owl_autoplay":false,"owl_autoplay_speed":"10000","owl_speed":"300","text_button":"View all"}},"collection-list-template":{"type":"collection-list-template","settings":{}},"home_collection_VFbNAA":{"type":"home-collection","blocks":{"featured_collection_Dp9JCD":{"type":"featured_collection","settings":{"collection":"deals","collection_name":"Hot Deals","image":"shopify:\/\/shop_images\/Women_s_Fashion_width_and_height_220px_11.png"}},"featured_collection_j6JGAc":{"type":"featured_collection","settings":{"collection":"fashion-for-women","collection_name":"Women's Clothing","image":"shopify:\/\/shop_images\/Women_s_Fashion.png"}},"featured_collection_GhkbV9":{"type":"featured_collection","settings":{"collection":"fashion-for-men","collection_name":"Men's Clothing","image":"shopify:\/\/shop_images\/Women_s_Fashion_width_and_height_220px.png"}},"featured_collection_mJqpTy":{"type":"featured_collection","settings":{"collection":"health-beauty","collection_name":"Beauty Products","image":"shopify:\/\/shop_images\/Women_s_Fashion_width_and_height_220px_1.png"}},"featured_collection_gpLctN":{"type":"featured_collection","settings":{"collection":"electronics-computers","collection_name":"Footwear","image":"shopify:\/\/shop_images\/Women_s_Fashion_width_and_height_220px_6.png"}},"featured_collection_hrJANV":{"type":"featured_collection","settings":{"collection":"watches","collection_name":"Watches","image":"shopify:\/\/shop_images\/Women_s_Fashion_width_and_height_220px_2.png"}},"featured_collection_6zxX9R":{"type":"featured_collection","settings":{"collection":"pet-supplies","collection_name":"Bags","image":"shopify:\/\/shop_images\/Women_s_Fashion_width_and_height_220px_3.png"}},"featured_collection_z7bcqt":{"type":"featured_collection","settings":{"collection":"phone-accessories","collection_name":"Fashion Accessories","image":"shopify:\/\/shop_images\/Women_s_Fashion_width_and_height_220px_4.png"}},"featured_collection_7jKnNx":{"type":"featured_collection","settings":{"collection":"bags-shoes","collection_name":"Underwear and Lingerie","image":"shopify:\/\/shop_images\/Women_s_Fashion_width_and_height_220px_7.png"}},"featured_collection_ypgqKR":{"type":"featured_collection","settings":{"collection":"sports-outdoors","collection_name":"Gym and Sports","image":"shopify:\/\/shop_images\/Women_s_Fashion_width_and_height_220px_13.png"}}},"block_order":["featured_collection_Dp9JCD","featured_collection_j6JGAc","featured_collection_GhkbV9","featured_collection_mJqpTy","featured_collection_gpLctN","featured_collection_hrJANV","featured_collection_6zxX9R","featured_collection_z7bcqt","featured_collection_7jKnNx","featured_collection_ypgqKR"],"custom_css":[],"settings":{"titles":"Top Collection","column1":"7","column2":"6","column3":"5","column4":"4","column5":"3","owl_margin":"30"}},"home_product_deals_jyrAxW":{"type":"home-product-deals","settings":{"title1":"Hot Deals","list_collection":"","image_size":"270x384","column1":"6","column2":"4","column3":"3","column4":"2","column5":"1","row":"1","limit":"8","owl_navigation":true,"owl_dot":true,"owl_margin":"30","owl_autoplay":true,"owl_autoplay_speed":"10000","owl_speed":"300"}}},"content_for_index":["1544518576765","home_collection_VFbNAA","home_product_deals_jyrAxW","homepage_product_carousel_9YUYmU","1544955602268","1544955674090","1544956138450","1544956200392"]},"presets":{"Default":{"color_text":"#3d4246","color_body_text":"#788188","color_sale_text":"#7796A8","color_borders":"#e8e9eb","color_button":"#7796A8","color_button_text":"#fff","color_small_button":"#fff","color_small_button_text":"#3d4246","color_text_field":"#fff","color_text_field_text":"#000","color_image_overlay_text":"#fff","color_image_overlay":"#3d4246","image_overlay_opacity":"0.25","color_body_bg":"#fff","type_header_family":"Google_Work+Sans_600_sans","type_header_base_size":"26px","type_base_family":"Google_Work+Sans_400_sans","type_base_size":"16px","type_bold_product_titles":false,"share_facebook":true,"share_twitter":true,"share_pinterest":true,"sections":{"header":{"type":"header","settings":{}},"footer":{"type":"footer","settings":{}}},"content_for_index":[]},"Light":{"color_text":"#162950","color_body_text":"#757575","color_sale_text":"#ff574f","color_borders":"#e4e4e4","color_button":"#ff574f","color_button_text":"#ffffff","color_small_button":"#eaeaea","color_small_button_text":"#162950","color_text_field":"#ffffff","color_text_field_text":"#162950","color_image_overlay_text":"#ffffff","color_image_overlay":"#3d3d3d","image_overlay_opacity":"0.3","color_body_bg":"#f8f8f8","type_header_family":"Google_Muli_600_sans","type_header_base_size":"26px","type_base_family":"Google_Muli_600_sans","type_base_size":"18px","type_bold_product_titles":true,"share_facebook":true,"share_twitter":true,"share_pinterest":true,"social_twitter_link":"","social_facebook_link":"","social_pinterest_link":"","social_instagram_link":"","social_tumblr_link":"","social_snapchat_link":"","social_youtube_link":"","social_vimeo_link":"","favicon":"","checkout_header_image":"","checkout_logo_image":"","checkout_logo_position":"left","checkout_logo_size":"small","checkout_body_background_image":"","checkout_body_background_color":"#ffffff","checkout_input_background_color_mode":"white","checkout_sidebar_background_image":"","checkout_sidebar_background_color":"#e8f3f6","checkout_heading_font":"Roboto","checkout_body_font":"Source Sans Pro","checkout_accent_color":"#1990c6","checkout_button_color":"#23314e","checkout_error_color":"#ff6d6d","sections":{"header":{"type":"header","settings":{}},"footer":{"type":"footer","settings":{}},"product-template":{"type":"product-template","settings":{"show_vendor":false,"show_quantity_selector":false,"show_share_buttons":true}},"collection-template":{"type":"collection-template","settings":{"grid":"2","rows":"2"}},"blog-template":{"type":"blog-template","settings":{"layout":"grid","blog_show_author":true,"blog_show_date":false}},"article-template":{"type":"article-template","settings":{"blog_show_author":true,"blog_show_date":true,"show_share_buttons":true}},"cart-template":{"type":"cart-template","settings":{"cart_notes_enable":false}}},"content_for_index":[]}}}